{
  "HTTP Request form" : {
    "transaction" : "HTTP Request form",
    "sampleCount" : 1200000,
    "errorCount" : 0,
    "errorPct" : 0.0,
    "meanResTime" : 181.67325916666996,
    "medianResTime" : 64.0,
    "minResTime" : 0.0,
    "maxResTime" : 11031.0,
    "pct1ResTime" : 121.0,
    "pct2ResTime" : 138.0,
    "pct3ResTime" : 166.0,
    "throughput" : 2182.536434717607,
    "receivedKBytesPerSec" : 2050.3906740218144,
    "sentKBytesPerSec" : 251.50322196941178
  },
  "HTTP Request home" : {
    "transaction" : "HTTP Request home",
    "sampleCount" : 1200000,
    "errorCount" : 2287,
    "errorPct" : 0.19058333,
    "meanResTime" : 181.25330749999853,
    "medianResTime" : 65.0,
    "minResTime" : 0.0,
    "maxResTime" : 11132.0,
    "pct1ResTime" : 120.0,
    "pct2ResTime" : 135.0,
    "pct3ResTime" : 167.0,
    "throughput" : 2182.4332311833336,
    "receivedKBytesPerSec" : 14180.621802721107,
    "sentKBytesPerSec" : 242.5031464833271
  },
  "Total" : {
    "transaction" : "Total",
    "sampleCount" : 3600000,
    "errorCount" : 2287,
    "errorPct" : 0.06352778,
    "meanResTime" : 181.70586333333796,
    "medianResTime" : 58.0,
    "minResTime" : 0.0,
    "maxResTime" : 11132.0,
    "pct1ResTime" : 98.0,
    "pct2ResTime" : 116.0,
    "pct3ResTime" : 171.0,
    "throughput" : 6546.501985772269,
    "receivedKBytesPerSec" : 18278.981900953582,
    "sentKBytesPerSec" : 939.3180501209738
  },
  "HTTP Request POST" : {
    "transaction" : "HTTP Request POST",
    "sampleCount" : 1200000,
    "errorCount" : 0,
    "errorPct" : 0.0,
    "meanResTime" : 182.19102333333714,
    "medianResTime" : 64.0,
    "minResTime" : 0.0,
    "maxResTime" : 11132.0,
    "pct1ResTime" : 120.0,
    "pct2ResTime" : 138.0,
    "pct3ResTime" : 169.0,
    "throughput" : 2182.4372003695594,
    "receivedKBytesPerSec" : 2050.2974480034336,
    "sentKBytesPerSec" : 445.4388426535526
  }
}